<?xml version="1.0" encoding="UTF-8"?>
<actions>
        <action>
            <actionName>run</actionName>
            <packagings>
                <packaging>jar</packaging>
            </packagings>
            <goals>
                <goal>process-classes</goal>
                <goal>org.codehaus.mojo:exec-maven-plugin:3.1.0:exec</goal>
            </goals>
            <properties>
                <exec.vmArgs></exec.vmArgs>
                <exec.args>${exec.vmArgs} -classpath %classpath ${exec.mainClass} ${exec.appArgs}</exec.args>
                <exec.appArgs></exec.appArgs>
                <exec.mainClass>vista.Principal</exec.mainClass>
                <exec.executable>java</exec.executable>
            </properties>
        </action>
        <action>
            <actionName>debug</actionName>
            <packagings>
                <packaging>jar</packaging>
            </packagings>
            <goals>
                <goal>process-classes</goal>
                <goal>org.codehaus.mojo:exec-maven-plugin:3.1.0:exec</goal>
            </goals>
            <properties>
                <exec.vmArgs>--enable-preview -agentlib:jdwp=transport=dt_socket,server=n,address=${jpda.address}</exec.vmArgs>
                <exec.args>${exec.vmArgs} -classpath %classpath ${exec.mainClass} ${exec.appArgs}</exec.args>
                <exec.appArgs></exec.appArgs>
                <exec.mainClass>vista.Principal</exec.mainClass>
                <exec.executable>java</exec.executable>
                <jpda.listen>true</jpda.listen>
            </properties>
        </action>
        <action>
            <actionName>profile</actionName>
            <packagings>
                <packaging>jar</packaging>
            </packagings>
            <goals>
                <goal>process-classes</goal>
                <goal>org.codehaus.mojo:exec-maven-plugin:3.1.0:exec</goal>
            </goals>
            <properties>
                <exec.vmArgs></exec.vmArgs>
                <exec.args>${exec.vmArgs} -classpath %classpath ${exec.mainClass} ${exec.appArgs}</exec.args>
                <exec.mainClass>vista.Principal</exec.mainClass>
                <exec.executable>java</exec.executable>
                <exec.appArgs></exec.appArgs>
            </properties>
        </action>
        <action>
            <actionName>run.single.main</actionName>
            <packagings>
                <packaging>*</packaging>
            </packagings>
            <goals>
                <goal>process-classes</goal>
                <goal>org.codehaus.mojo:exec-maven-plugin:3.1.0:exec</goal>
            </goals>
            <properties>
                <exec.vmArgs></exec.vmArgs>
                <exec.args>--enable-preview ${exec.vmArgs} -classpath %classpath ${exec.mainClass} ${exec.appArgs}</exec.args>
                <exec.executable>java</exec.executable>
                <exec.mainClass>${packageClassName}</exec.mainClass>
                <exec.classpathScope>${classPathScope}</exec.classpathScope>
            </properties>
        </action>
        <action>
            <actionName>debug.single.main</actionName>
            <packagings>
                <packaging>*</packaging>
            </packagings>
            <goals>
                <goal>process-test-classes</goal>
                <goal>org.codehaus.mojo:exec-maven-plugin:3.1.0:exec</goal>
            </goals>
            <properties>
                <exec.vmArgs>-agentlib:jdwp=transport=dt_socket,server=n,address=${jpda.address}</exec.vmArgs>
                <exec.args>--enable-preview ${exec.vmArgs} -classpath %classpath ${exec.mainClass} ${exec.appArgs}</exec.args>
                <exec.executable>java</exec.executable>
                <exec.mainClass>${packageClassName}</exec.mainClass>
                <exec.classpathScope>${classPathScope}</exec.classpathScope>
                <jpda.listen>true</jpda.listen>
            </properties>
        </action>
        <action>
            <actionName>profile.single.main</actionName>
            <packagings>
                <packaging>*</packaging>
            </packagings>
            <goals>
                <goal>process-classes</goal>
                <goal>org.codehaus.mojo:exec-maven-plugin:3.1.0:exec</goal>
            </goals>
            <properties>
                <exec.vmArgs></exec.vmArgs>
                <exec.args>--enable-preview ${exec.vmArgs} -classpath %classpath ${exec.mainClass} ${exec.appArgs}</exec.args>
                <exec.mainClass>${packageClassName}</exec.mainClass>
                <exec.executable>java</exec.executable>
                <exec.classpathScope>${classPathScope}</exec.classpathScope>
            </properties>
        </action>
        <action>
            <actionName>test</actionName>
            <packagings>
                <packaging>*</packaging>
            </packagings>
            <goals>
                <goal>test</goal>
            </goals>
            <properties>
                <argLine>--enable-preview</argLine>
            </properties>
        </action>
        <action>
            <actionName>test.single</actionName>
            <packagings>
                <packaging>*</packaging>
            </packagings>
            <goals>
                <goal>process-test-classes</goal>
                <goal>surefire:test</goal>
            </goals>
            <properties>
                <test>${packageClassName}</test>
                <argLine>--enable-preview</argLine>
            </properties>
        </action>
        <action>
            <actionName>debug.test.single</actionName>
            <packagings>
                <packaging>*</packaging>
            </packagings>
            <goals>
                <goal>process-test-classes</goal>
                <goal>surefire:test</goal>
            </goals>
            <properties>
                <test>${packageClassName}</test>
                <forkMode>once</forkMode>
                <maven.surefire.debug>-agentlib:jdwp=transport=dt_socket,server=n,address=${jpda.address}</maven.surefire.debug>
                <jpda.listen>true</jpda.listen>
                <argLine>--enable-preview</argLine>
            </properties>
        </action>
        <action>
            <actionName>profile.test.single</actionName>
            <packagings>
                <packaging>*</packaging>
            </packagings>
            <goals>
                <goal>process-test-classes</goal>
                <goal>surefire:test</goal>
            </goals>
            <properties>
                <test>${packageClassName}</test>
                <forkMode>once</forkMode>
                <maven.surefire.debug>${exec.vmArgs}</maven.surefire.debug>
                <exec.vmArgs></exec.vmArgs>
                <exec.args></exec.args>
                <argLine>--enable-preview</argLine>
            </properties>
        </action>
    </actions>
